Trimble_MAPS_StreetAddress,Trimble_MAPS_City,Trimble_MAPS_State,Trimble_MAPS_PostalCode
9201 Grand Bay Wilmer Road South  (Route 11),Grand Bay,AL,36541
"980 West South Boulevard  (US-80, US-82, AL-6)",Montgomery,AL,36105
429 Main Street  (Route 138),Shorter,AL,36075
"US-231, AL-53",Ozark,AL,36360
"Joe Wheeler Highway  (Alternate US-72, AL-20, AL-157)",Tuscumbia,AL,35674
McAshan Drive,Mc Calla,AL,35111
224 Daniel Payne Drive,Birmingham,AL,35207
"2383 South Oates Street  (US-231 Business, US-431 Business, AL-1)",Dothan,AL,36301
900 Tyson Road  (Route 6),Hope Hull,AL,36043
Stemley Road  (Route 207),Lincoln,AL,35096
75140 AL-77,Lincoln,AL,35096
7419 Springdale Drive,Mc Calla,AL,35111
3360 Buttermilk Road  (Route 85),Cottondale,AL,35453
110 Short Road,Jackson,GA,30233
75760 AL-77,Lincoln,AL,35096
1696 AL-69,Cullman,AL,35055
AL-216,Mc Calla,AL,35111
Main Street  (Route 138),Shorter,AL,36075
Theodore Dawes Road  (Route 30),Theodore,AL,36582
AL-69,Hanceville,AL,35077
251 Carl Cannon Boulevard,Jasper,AL,35501
Journey Place,Gadsden,AL,35904
"US-84, AL-12",Evergreen,AL,36401
Steele Station Road,Steele,AL,35987
2600 West Interstate 65 Service Road North,Mobile,AL,36612
2625 Kelly Creek Road,Moody,AL,35004
958 21st Avenue West,Birmingham,AL,35204
1360 Tyson Road  (Route 6),Hope Hull,AL,36043
29447 Route 49,Loxley,AL,36551
"6109 US-43, AL-13",Satsuma,AL,36572
"4416 Skyland Boulevard East  (US-11, AL-7)",Tuscaloosa,AL,35405
3886 Garth Road,Decatur,AL,35603
373 Route 764  (Route 764),Clanton,AL,35046
East Pike Road  (Route 55),Falkville,AL,35622
Service Road,West Memphis,AR,72301
3147 East C Street,Russellville,AR,72802
AR-149,Heth,AR,72346
Eastline Road,Searcy,AR,72143
4770 East Parker Road,Jonesboro,AR,72404
8074 AR-282,Alma,AR,72921
"US-65, US-278, AR-144",Lake Village,AR,71653
"US-63, AR-11",De Valls Bluff,AR,72041
170 Valley Street  (AR-7),Arkadelphia,AR,71923
Bradley Cove Road,Russellville,AR,72802
155 Matt Road,North Little Rock,AR,72117
AR-108,Texarkana,AR,71854
3442 Service Loop,West Memphis,AR,72301
Nevada 30 Road  (Route 30),Prescott,AR,71857
11806 Maybelline Road,North Little Rock,AR,72117
3893 South Division Street  (US-61),Blytheville,AR,72315
Martin Luther King Jr Drive  (AR-38),West Memphis,AR,72301
3910 Service Loop,West Memphis,AR,72301
4846 US-65,Pine Bluff,AR,71601
1984 North Oak Street  (AR-95),Morrilton,AR,72110
Valentine Road,North Little Rock,AR,72117
5 Airport Road  (AR-96),Ozark,AR,72949
1047 North Main Street  (AR-261),Palestine,AR,72372
850 South 56th Street,Springdale,AR,72762
166 Ron Harrod  (AR-200),Prescott,AR,71857
12424 Otter Creek Road,Little Rock,AR,72210
8895 Alcoa Road,Benton,AR,72019
915 West Beale Street  (US-93),Kingman,AZ,86401
370 North Mariposa Road  (AZ-189),Nogales,AZ,85621
9255 South Rita Road,Tucson,AZ,85747
14814 Stagecoach Trail,Mayer,AZ,86333
18171 US-93,Wikieup,AZ,85360
3440 South 40th Street,Phoenix,AZ,85040
1448 North 339th Avenue,Tonopah,AZ,85354
1501 Fort Grant Road,Willcox,AZ,85643
1522 South Nelson Drive,Chandler,AZ,85226
4057 Fleet Street,Littlefield,AZ,86432
North 411th Avenue,Tonopah,AZ,85354
48286 Vicksburg Road,Salome,AZ,85348
"I-40, US-93",Kingman,AZ,86401
South Sunland Gin Road,Eloy,AZ,85131
3671 West Cowboy Trail,Eloy,AZ,85131
East Travel Plaza Way,Tucson,AZ,85756
14320 South Flying J Road,Ehrenberg,AZ,85334
10866 South Fortuna Road,Yuma,AZ,85367
3301 East Andy Devine Avenue  (AZ-66),Kingman,AZ,86401
6792 West Latham Street,Phoenix,AZ,85043
Truck Access Road,Winslow,AZ,86047
"I-10, US-60, US-95",Quartzsite,AZ,85346
1552 South Miller Road,Buckeye,AZ,85326
Acacia Road,Quartzsite,AZ,85346
4691 Main Street  (Business I-40),Winslow,AZ,86047
AZ-85,Gila Bend,AZ,85337
AZ-95,Lake Havasu City,AZ,86404
5240 South Sunland Gin Road,Eloy,AZ,85131
777 East Frontage Road,Rio Rico,AZ,85648
637 Whetstone Commerce Drive,Benson,AZ,85602
North Grand Canyon Boulevard,Williams,AZ,86046
6035 Minerva Lane,Kingman,AZ,86401
851 East Milligan Road,Eloy,AZ,85131
West Roosevelt Street,Avondale,AZ,85392
South Avenue 3 East,Yuma,AZ,85365
3747 Express Drive,Holbrook,AZ,86025
14875 AZ-95,Lake Havasu City,AZ,86404
Roosevelt Street,Tolleson,AZ,85353
1005 South Sunshine Boulevard,Eloy,AZ,85131
Brannigan Park Road,Williams,AZ,86046
27769 Lagoon Drive,Buttonwillow,CA,93206
3449 Old CA-99 West,Corning,CA,96021
Knighton Road,Redding,CA,96002
15184 North Thornton Road  (Route J8),Lodi,CA,95242
Westside Freeway  (I-5),Gustine,CA,95322
72227 Varner Road,Thousand Palms,CA,92276
10402 North Milliken Avenue,Ontario,CA,91761
5725 Barstow-Bakersfield Highway  (CA-58),Boron,CA,93516
Vista del Norte,Coachella,CA,92236
14823 Warren Street,Lost Hills,CA,93249
2940 Lenwood Road,Barstow,CA,92311
295 B Street,Livingston,CA,95334
4513 East Guasti Road,Ontario,CA,91761
Zachary Avenue,Bakersfield,CA,93308
2570 High Point Parkway,Barstow,CA,92311
1497 Piper Ranch Road,San Diego,CA,92154
42810 Frazier Mountain Park Road,Lebec,CA,93243
22204 North Jack Tone Road  (Route J5),Ripon,CA,95366
15285 North Thornton Road  (Route J8),Lodi,CA,95242
1534 West Santos Avenue,Ripon,CA,95366
3621 West El Camino Avenue,Sacramento,CA,95833
22560 South Avenue,Corning,CA,96021
"CA-33, CA-152",Los Banos,CA,93635
2801 Lenwood Road,Barstow,CA,92311
Monolith Street,Tehachapi,CA,93561
46155 Dillon Road,Coachella,CA,92236
2041 South Avenue,Corning,CA,96021
14641 Warren Street,Lost Hills,CA,93249
6442 Route 13,Orland,CA,95963
6545 Garnet Avenue,Palm Springs,CA,92262
27666 Fantastic Lane,Castaic,CA,91384
18528 Pistachio Drive,Madera,CA,93637
Gonzaga Road,Gustine,CA,95322
3018 South Blackstone Street,Tulare,CA,93274
High Desert Road,Barstow,CA,92311
Santa Elena Drive,Arvin,CA,93203
395 Vista Drive,Weed,CA,96094
5742 Dennis Mccarthy Drive,Lebec,CA,93243
4900 Road 99 West,Dunnigan,CA,95937
8701 US-395,Hesperia,CA,92344
Truck Terminal Access Road,Salinas,CA,93901
Park Center Drive,Patterson,CA,95363
400 East Roth Road,French Camp,CA,95231
1192 East Tehachapi Boulevard,Tehachapi,CA,93561
369 Main Street,Brawley,CA,92227
Margurite Street,Williams,CA,95987
3021 South Blackstone Street,Tulare,CA,93274
440 West Main Street  (Route S30),Calipatria,CA,92233
"I-25, US-85, US-87",Monument,CO,80132
3634 CO-56,Berthoud,CO,80513
9th Street,Limon,CO,80828
"2201 US-6, US-50",Grand Junction,CO,81505
Southeast Frontage Road  (I-25 Frontage North),Johnstown,CO,80534
734 22 Road,Grand Junction,CO,81505
South Lincoln Street  (US-385),Burlington,CO,80807
CO-69,Walsenburg,CO,81089
1067 Colorado Avenue  (CO-71),Brush,CO,80723
3238 F Road  (US-6),Clifton,CO,81520
16687 East 32nd Avenue,Aurora,CO,80011
2481 Williams Avenue,Limon,CO,80828
12151 West 44th Avenue,Wheat Ridge,CO,80033
Quebec Street,Commerce City,CO,80022
15214 US-287,Eads,CO,81036
"603 North Main Street  (US-50, US-287)",Lamar,CO,81052
6470 North Elizabeth Street,Pueblo,CO,81008
201 Main Street  (CO-52),Hudson,CO,80642
18369 Hospital Road,Brush,CO,80723
North Converse Road  (CO-79),Bennett,CO,80102
198 Lampton Road,Lamar,CO,81052
49 East Industrial Drive,Branford,CT,06405
Yankee Expressway  (I-84),Plantsville,CT,06479
Wilbur Cross Highway  (I-84),Willington,CT,06279
401 Old Gate Lane,Milford,CT,06460
587 Ct Hwy 184 Extended,North Stonington,CT,06359
"I-75, FL-93",Lake City,FL,32024
346 Pecan Park Road,Jacksonville,FL,32218
110 Short Road,Jackson,GA,30233
4016 FL-326,Ocala,FL,34482
"32670 Memorial Blue Star Highway  (US-90, FL-10)",Midway,FL,32343
Bay Lake Resort Road,Auburndale,FL,33823
3821 Zoo Parkway  (FL-105),Jacksonville,FL,32226
FL-71,Marianna,FL,32448
17308 Park 78 Drive,North Fort Myers,FL,33917
FL-285,Defuniak Springs,FL,32433
8059 FL-6,Jennings,FL,32053
Waverly Barn Road,Davenport,FL,33897
22200 Southeast 57th Avenue,Hawthorne,FL,32640
414 Northwest 1st Street,South Bay,FL,33493
"US-27, FL-25, FL-78",Moore Haven,FL,33471
100 North Kings Highway  (FL-713),Fort Pierce,FL,34945
"32670 Memorial Blue Star Highway  (US-90, FL-10)",Midway,FL,32343
253 Destination Daytona Lane,Ormond Beach,FL,32174
29865 FL-52,San Antonio,FL,33576
11555 East Sligh Avenue,Seffner,FL,33584
FL-206,Saint Augustine,FL,32086
8580 Northeast 8th Path,Wildwood,FL,34785
1650 Route 210,Saint Johns,FL,32259
200 South Kings Highway  (FL-713),Fort Pierce,FL,34945
90th Avenue,Vero Beach,FL,32966
Main Street,Haines City,FL,33844
7889 Northwest 47th Avenue,Ocala,FL,34482
540 FL-44,Wildwood,FL,34785
"US-129, FL-51",Jasper,FL,32052
Southwest 177th Avenue  (FL-997),Miami,FL,33194
"1048 US-301, FL-200",Jacksonville,FL,32234
"2510 US-231, FL-75",Cottondale,FL,32431
Northwest 167th Street,Opa Locka,FL,33054
Friday Road,Cocoa,FL,32926
Pritchard Road,Jacksonville,FL,32219
7122 Okeechobee Road  (FL-70),Fort Pierce,FL,34945
2020 Southwest 135th Street  (Route 484),Ocala,FL,34473
6130 Federal Court,Fort Myers,FL,33905
7267 Route 318,Reddick,FL,32686
Lee Road,Marianna,FL,32448
3378 Southeast Rogers Sink Road,Madison,FL,32340
"17276 US-301, FL-200",Waldo,FL,32694
1940 FL-48,Bushnell,FL,33513
12286 Northwest South River Drive,Miami,FL,33178
"1050 US-301, FL-200",Jacksonville,FL,32234
4293 King Street  (FL-520),Cocoa,FL,32926
5215 17th Street East,Ellenton,FL,34222
2837 South Kings Highway  (FL-713),Fort Pierce,FL,34945
1619 Route 210,Saint Johns,FL,32259
4255 FL-326,Ocala,FL,34482
5107 Taylor Road  (Route 765 A),Punta Gorda,FL,33950
541 FL-44,Wildwood,FL,34785
3037 FL-60,Okeechobee,FL,34972
Tampa Gateway Boulevard,Seffner,FL,33584
132 Truck Stop Way,Jackson,GA,30233
"30756 US-441, GA-15",Commerce,GA,30529
6889 Bellville Road,Lake Park,GA,31636
Murhy Campus Boulevard,Waco,GA,30182
"11156 GA-106, GA-145",Carnesville,GA,30521
"2111 US-41, GA-3",Calhoun,GA,30701
I-59,Rising Fawn,GA,30738
South Midway Road,Cordele,GA,31015
401 Billings Road,Temple,GA,30179
Pierce Dairy Road,Madison,GA,30650
"Eatonton Highway  (US-129, US-441, GA-24)",Madison,GA,30650
142 Carbondale Road Southwest,Dalton,GA,30721
"US-29 South, US-27 Alternate, GA-14",Newnan,GA,30263
I-24,Wildwood,GA,30757
195 Sommers Boulevard,Richmond Hill,GA,31324
224 Fancy Bluff Road West,Brunswick,GA,31523
Old Federal Road  (GA-51),Carnesville,GA,30521
1324 Bucksnort Road,Jackson,GA,30233
Campground Circle,Lake Park,GA,31636
Resaca Lafayette Road Northwest  (GA-136),Resaca,GA,30735
1136 Brooks Cemetery Road,Greensboro,GA,30642
15 Villa Rosa Road,Temple,GA,30179
Madison Highway  (GA-31),Valdosta,GA,31601
"US-41, GA-7",Tifton,GA,31794
Truss Plant Road,Kingsland,GA,31548
Haddock Road,Kingsland,GA,31548
615 Edge Road,Villa Rica,GA,30180
Scrubby Bluff Road,Kingsland,GA,31548
110 Short Road,Jackson,GA,30233
5211 Sardis Church Road,Macon,GA,31216
1040 Watts Road Northwest,Atlanta,GA,30318
"2766 Ocean Highway  (US-17, GA-25)",Brunswick,GA,31523
312 Cordele Road  (GA-300),Albany,GA,31705
132 Truck Stop Way,Jackson,GA,30233
2158 Washington Road  (GA-17),Thomson,GA,30824
50 J F Shirley Road  (Route 214),Carnesville,GA,30521
I-75,Dalton,GA,30720
3009 GA-257,Dublin,GA,31021
39 Victory Lane,Vienna,GA,31092
1847 Continental Way Southeast,Atlanta,GA,30316
150 Old Allatoona Road Southeast,Cartersville,GA,30121
882 GA-100,Waco,GA,30182
GA-144,Richmond Hill,GA,31324
203 Donna's Trail,Byron,GA,31008
62 Five Forks Road Northeast,Cartersville,GA,30121
2209 Riverwest Drive,Augusta,GA,30907
I-75,Tifton,GA,31794
455 Park West Drive,Grovetown,GA,30813
262 Chardonnay Terrace,Braselton,GA,30517
Cassville White Road Northwest,Cartersville,GA,30121
I-95,Port Wentworth,GA,31407
Carroll Drive,Valdosta,GA,31601
1504 Dean Forest Road  (GA-307),Savannah,GA,31408
420 Vaughn Lane,Dublin,GA,31021
1490 Bass Cross Road,Hogansville,GA,30230
301 Dungeness Drive,Brunswick,GA,31523
9152 Earhart Lane Southwest,Cedar Rapids,IA,52404
I-80,Shelby,IA,51570
3231 Adventureland Drive,Altoona,IA,50009
"I-80, US-6",Walcott,IA,52773
1289 North Grand Avenue,Mount Pleasant,IA,52641
60th Avenue  (Route Y40),Walcott,IA,52773
2390 7th Avenue North,Clear Lake,IA,50428
3627 West 83rd Street,Davenport,IA,52806
890 Doris Drive,Evansdale,IA,50707
3040 220th Street  (Route D25),Williams,IA,50271
3052 South Exwy Street  (IA-192),Council Bluffs,IA,51501
Douglas Avenue,Urbandale,IA,50323
1237 16th St Exd,Dubuque,IA,52001
2608 South 24th Street,Council Bluffs,IA,51501
4128 V18 Road  (V Route 18),Brooklyn,IA,52211
7005 North Chestnut Street,Avoca,IA,51521
West 83rd Street,Davenport,IA,52806
IA-2,Percival,IA,51648
21556 60th Avenue  (Route Y40),Walcott,IA,52773
"I-35, I-80",Clive,IA,50325
4126 220th Street  (IA-21),Brooklyn,IA,52211
"2845 Industrial Road  (Business US-75, IA-376)",Sioux City,IA,51106
101 Monroe Street  (US-218),Floyd,IA,50435
330th Street  (IA-175),Ellsworth,IA,50075
4955 Greyhound Drive,Waterloo,IA,50701
2086 Atalissa Road,Atalissa,IA,52720
4401 South Avenue 22nd East,Newton,IA,50208
Singing Hills Boulevard,Sioux City,IA,51106
2010 Clay Street  (H Route 33),Osceola,IA,50213
Nairn Drive,Maquoketa,IA,52060
"I-84, US-30",Boise,ID,83705
1261 Sun Valley Highway  (US-20),Mountain Home,ID,83647
South Highway  (US-30),Heyburn,ID,83336
Aviation Way,Caldwell,ID,83605
Crossroads Parkway,Jerome,ID,83338
Oasis Rest Area,McCammon,ID,83250
4208 West Expo Parkway,Post Falls,ID,83854
West Overland Drive,Idaho Falls,ID,83402
Andco Drive,Idaho Falls,ID,83402
3321 South Federal Way,Boise,ID,83705
3700 West 5th Avenue,Post Falls,ID,83854
4930 Dinius Road  (Route 11),Williamsville,IL,62693
"West Market Street  (US-150, IL-9)",Bloomington,IL,61705
"I-57, I-70",Effingham,IL,62401
Jane Addams Memorial Tollway  (I-90),Hampshire,IL,60140
104 East Laraway Road  (Route 74),Joliet,IL,60433
Richter School Road,New Baden,IL,62265
25505 Cleveland Avenue South,Monee,IL,60449
5506 East Rockton Road  (Route 9),Roscoe,IL,61073
Division Street  (IL-47),Morris,IL,60450
IL-203,East Saint Louis,IL,62201
State Street  (IL-140),Worden,IL,62097
8283 1760 Road North,Oakwood,IL,61858
1367 Henderson Road  (Route 9),Knoxville,IL,61448
North Haughton Highway  (IL-130),Greenup,IL,62428
6491 Pocket Road,East Saint Louis,IL,62207
"I-57, I-70",Effingham,IL,62401
337 North 30th Road,La Salle,IL,61301
1308 Chain of Rocks Road,Edwardsville,IL,62025
16049 Willowbrook Road,South Beloit,IL,61080
2611 Vernell Road,Marion,IL,62959
16201 Van Dam Road,South Holland,IL,60473
I-57,Mount Vernon,IL,62864
Tri-State Tollway  (I-94),Zion,IL,60099
341 Caroline Street,Bloomington,IL,61701
190 East North Avenue  (IL-64),Carol Stream,IL,60188
1869 West Fayette Avenue,Effingham,IL,62401
"South Main Street  (US-67 Business, IL-267)",Jacksonville,IL,62650
North Avenue  (Route 42),Ina,IL,62846
7515 South Harlem Avenue  (IL-43),Bridgeview,IL,60455
1240 South Dement Road,Rochelle,IL,61068
8475 Newtown Road  (Route 10),Oakwood,IL,61858
12594 South Kedzie Avenue,Alsip,IL,60803
West Walnut Street  (Route 23),Oglesby,IL,61348
24218 Lorenzo Road,Wilmington,IL,60481
Plaza Avenue,Alpha,IL,61413
810 West Edwardsville Road  (IL-162),Troy,IL,62294
US-24,Gilman,IL,60938
Ottawa Drive,Minooka,IL,60447
1742 IL-127,Greenville,IL,62246
3020 East 8th Road  (Route 43),Utica,IL,61373
"3407 South Schuyler Avenue  (US-45, US-52)",Kankakee,IL,60901
14676 East 1600th Avenue  (Route 1600 North),Effingham,IL,62401
1392 Hamilton Avenue,Monee,IL,60449
244 Heitmann Drive,Lincoln,IL,62656
13 East Northbrook Drive,Dwight,IL,60420
1050 Robert Kingery Highway North  (IL-83),Bensenville,IL,60106
205 North Davidson Avenue,Mount Vernon,IL,62864
IL-121,Decatur,IL,62526
810 West Edwardsville Road  (IL-162),Troy,IL,62294
503 South Steward Road  (Route 17),Rochelle,IL,61068
Jane Addams Memorial Tollway  (I-90),Hampshire,IL,60140
485 South East Street,Le Roy,IL,61752
23841 West Eames Street  (US-6),Channahon,IL,60410
4068 East Boyd Road,Decatur,IL,62521
Division Street  (IL-47),Morris,IL,60450
North Wells Bypass  (Route 19),Mount Vernon,IL,62864
6117 Fahlsing Road  (IN-101),Woodburn,IN,46797
6042 West 200 South  (IN-28),Tipton,IN,46072
4042 North Mechanicsburg Road,Middletown,IN,47356
2539 Burr Street,Gary,IN,46406
3155 US-20,Angola,IN,46703
"9827 US-41, US-150",Terre Haute,IN,47802
57081 Route 17,Goshen,IN,46528
East Tipton Street  (US-50),Seymour,IN,47274
Route 1250 South,Haubstadt,IN,47639
1726 West Thompson Road,Indianapolis,IN,46217
1401 Ripley Street  (IN-51),Lake Station,IN,46405
1853 Fairland Road,Shelbyville,IN,46176
255 West Cox Avenue,Lebanon,IN,46052
4073 East 181st Avenue  (IN-2),Hebron,IN,46341
6417 South County Road 125 West,New Castle,IN,47362
4914 North 350 East  (Route 350 East),Whiteland,IN,46184
"I-65, US-52",Whitestown,IN,46075
3037 Goshen Road  (IN-930),Fort Wayne,IN,46808
101 South 500 East  (Route 500 East),Marion,IN,46953
6255 North 00 South  (IN-18),Marion,IN,46952
5317 West 25th Avenue,Gary,IN,46406
"2093 Ripley Street  (US-6, IN-51)",Lake Station,IN,46405
US-20,Chesterton,IN,46304
IN-46,Terre Haute,IN,47803
4407 IN-32,Crawfordsville,IN,47933
20998 US-41,Haubstadt,IN,47639
"I-80, I-94, US-6",Gary,IN,46404
I-65,Whiteland,IN,46184
"I-74, I-465, US-36",Indianapolis,IN,46217
"4264 US-24, US-231",Remington,IN,47977
7690 IN-13,Pendleton,IN,46064
336 South Main Street  (MI-150),Rochester,MI,48307
4153 Indianapolis Road,Whitestown,IN,46075
IN-13,Pendleton,IN,46064
3047 Grant Street,Gary,IN,46408
IN-10,Demotte,IN,46310
"14001 US-35, IN-28",Gaston,IN,47342
3157 South Doyle Road,New Haven,IN,46774
Jeff Gordon Boulevard  (Route 275 East),Pittsboro,IN,46167
2924 Gary Drive,Plymouth,IN,46563
IN-39,Mooresville,IN,46158
16566 East Co Rd 1650 North ,Covington,IN,47932
7894 North Michigan Avenue  (Old US-421),Saint Paul,IN,47272
14141 Memphis Bluelick Road,Memphis,IN,47143
I-70,Mooresville,IN,46158
"2179 US-35, IN-38",Richmond,IN,47374
15215 West Commerce Road  (IN-67),Daleville,IN,47334
I-69,Fremont,IN,46737
8026 Indianapolis Boulevard  (US-41),Highland,IN,46322
West F.W. Marks Drive,Greenfield,IN,46140
"4154 US-24, US-231",Remington,IN,47977
5376 Brick Road  (US-31 Business),South Bend,IN,46628
4182 East 100 North  (Route 100 North),Valparaiso,IN,46383
5067 300 East,Whiteland,IN,46184
I-70,Brazil,IN,47834
7664 North Baker Road,Fremont,IN,46737
East Route 150 S,Greensburg,IN,47240
4378 IN-59,Brazil,IN,47834
221 Melton Road  (US-20),Chesterton,IN,46304
9200 South Traders Country Boulevard,Daleville,IN,47334
Route 1250 South  (Route 1250 South),Haubstadt,IN,47639
4096 East 181st Avenue  (IN-2),Hebron,IN,46341
IN-10,Demotte,IN,46310
10585 West 9A Road,Plymouth,IN,46563
"7021 South IN-66, IN-66",Leavenworth,IN,47137
I-94,Chesterton,IN,46304
Memphis Bluelick Road,Memphis,IN,47143
Caramel Boulevard,Abilene,KS,67410
Route 460,Oakley,KS,67748
2310 North 9th Street  (North Old KS-81),Salina,KS,67401
2515 East Trail Street,Dodge City,KS,67801
4610 Kansas Avenue  (KS-32),Kansas City,KS,66106
184 West Diamond Drive,Salina,KS,67401
1554 170th Road  (Route 17),Belleville,KS,66935
3401 North Blue Comet Drive,Chanute,KS,66720
East Wyatt Earp Boulevard,Dodge City,KS,67801
4215 US-50,Emporia,KS,66801
2200 North Ohio Street,Salina,KS,67401
2400 East Kansas Avenue  (US-56),McPherson,KS,67460
2754 US-75,Lebo,KS,66856
US-54,Liberal,KS,67901
445 East Leiter Avenue,Cunningham,KS,67035
Horton Avenue,Colby,KS,67701
1500 North Jones Avenue,Holcomb,KS,67851
Des Moines West,South Hutchinson,KS,67505
206 Jefferson Street,Ellis,KS,67637
1700 US-83,Scott City,KS,67871
East 27th Street,Ottawa,KS,66067
397 East Willow Street,Colby,KS,67701
Burlington Pike  (KY-18),Florence,KY,41042
3794 Colonel Road  (KY-2878),Richmond,KY,40475
101 Eastlawn Road  (KY-260),Hanson,KY,42413
"West Cumberland Gap Parkway  (US-25 E, KY-770)",Corbin,KY,40701
432 East Western Avenue  (KY-84),Sonora,KY,42776
Ball Park Road,Lebanon Junction,KY,40150
311 West Cumberland Gap Parkway  (US-25 E),Corbin,KY,40701
I-75,Walton,KY,41094
Best Pal Drive,Walton,KY,41094
Pennyrile Parkway  (I-69),Mortons Gap,KY,42440
Flying J Road,Catlettsburg,KY,41129
4225 Nashville Road  (US-31 W),Franklin,KY,42134
18750 Herndon Oak Grove Road  (KY-117),Oak Grove,KY,42262
1670 Waddy Road  (KY-395),Waddy,KY,40076
"13035 Walton Verona Road  (KY-14, KY-16)",Walton,KY,41094
Frogtown Connector Road  (KY-338 Frontage South),Walton,KY,41094
819 Buck Creek Road  (KY-1848),Simpsonville,KY,40067
410 Cherry Blossom Way  (KY-620),Georgetown,KY,40324
5359 Cairo Road  (KY-305),Paducah,KY,42001
2050 East Blue Lick Road,Shepherdsville,KY,40165
11655 Kentucky Dam Road  (US-62),Calvert City,KY,42029
Wilderness Road  (US-25 E),Middlesboro,KY,40965
801 Glendale Hodgenville Road  (KY-222),Glendale,KY,42740
Koa Lane,Franklin,KY,42134
Cherry Blossom Way  (KY-620),Georgetown,KY,40324
6823 South Dixie Highway  (US-31 W),Elizabethtown,KY,42701
8190 Pembroke Oak Grove Road  (KY-115),Oak Grove,KY,42262
I-71,Pendleton,KY,40055
1090 Cedar Grove Road  (KY-480),Shepherdsville,KY,40165
KY-92,Williamsburg,KY,40769
2940 Scottsville Road  (KY-100),Franklin,KY,42134
154 J W Dickson Drive,Oak Grove,KY,42262
Pendleton Road  (KY-153),Pendleton,KY,40055
I-64,Grayson,KY,41143
Wendell H Ford Parkway,Elizabethtown,KY,42701
315 Porter Road  (KY-32),Sadieville,KY,40370
1940 Waddy Road  (KY-395),Waddy,KY,40076
Loves Drive,Sanders,KY,41083
3042 Owingsville Road  (US-60),Mount Sterling,KY,40353
"KY-218, KY-335",Horse Cave,KY,42749
Rapides Station Road,Boyce,LA,71409
10454 US-80,Greenwood,LA,71033
LA-29,Bunkie,LA,71322
"Evangeline Throughway  (I-49, US-167)",Lafayette,LA,70501
Lowe-Grout Road  (LA-383),Iowa,LA,70647
I-10,Slidell,LA,70461
1556 Jasmine Road,Egan,LA,70531
West Bert Kouns Industrial Loop  (LA-526),Shreveport,LA,71129
Duo Drive,Hammond,LA,70403
"9404 US-79, US-80, LA-169",Greenwood,LA,71033
US-65,Tallulah,LA,71282
225 Seale Drive,Hammond,LA,70403
"South Julia Street  (US-425, LA-137)",Rayville,LA,71269
17635 US-190,Port Barre,LA,70577
801 Lobdell Highway  (LA-415),Port Allen,LA,70767
North Thomson Avenue  (LA-383),Iowa,LA,70647
I-10,Breaux Bridge,LA,70517
North Elm Street  (LA-157),Haughton,LA,71037
254 Range 12 Avenue,Denham Springs,LA,70726
US-51,La Place,LA,70068
101 Lexington Drive,Rayne,LA,70578
498 North Cedar Street  (US-65),Tallulah,LA,71282
6232 I-20 Service Road,West Monroe,LA,71292
10412 Airline Highway  (US-61),Saint Rose,LA,70087
West Street,Vinton,LA,70668
13501 Industrial Drive,Minden,LA,71055
I-20,Greenwood,LA,71033
Massachusetts Turnpike  (I-90),Chicopee,MA,01020
I-84,Sturbridge,MA,01566
34 Avocado Street,Springfield,MA,01104
John F Kennedy Memorial Highway  (I-95),Elkton,MD,21921
7061 Little Patuxent Parkway  (MD-175),Jessup,MD,20794
Baltimore Pike Northeast  (MD-144),Cumberland,MD,21502
Perrylawn Drive  (MD-275),Perryville,MD,21903
Lums Road,North East,MD,21901
416 South Newkirk Street,Baltimore,MD,21224
Crest Drive,Hagerstown,MD,21740
18245 Showalter Road,Hagerstown,MD,21742
Chestnut Ridge Road  (US-219),Grantsville,MD,21536
11581 Hopewell Road,Hagerstown,MD,21740
Elkton Road  (MD-279),Elkton,MD,21921
3 Ammo Park,Bangor,ME,04401
4397 Riverview Drive,Bridgeport,MI,48722
200 Baker Road,Dexter,MI,48130
1996 East Front Street,Monroe,MI,48161
5353 Interchange Drive,Holland,MI,49423
I-94,Sawyer,MI,49125
I-94,Sawyer,MI,49125
1609 Nadeau Road,Monroe,MI,48162
1860 East Napier Avenue,Benton Harbor,MI,49022
7801 West Grand River Avenue,Grand Ledge,MI,48837
3473 East Washington Road  (MI-81),Saginaw,MI,48601
853 Black River Drive,Holland,MI,49423
6500 Dixie Highway,Bridgeport,MI,48722
I-69,Capac,MI,48014
23545 Westwood Road,Trenton,MI,48183
15606 MI-60,Tekonsha,MI,49092
920 Nadeau Road,Monroe,MI,48162
193 Baker Road,Ann Arbor,MI,48103
15896 11 Mile Road,Battle Creek,MI,49014
18780 Partello Road  (I-94 Business),Marshall,MI,49068
15901 11 Mile Road,Battle Creek,MI,49014
800 Baker Road,Dexter,MI,48130
7205 South State Road  (MI-66),Ionia,MI,48846
1224 North Dixie Highway  (MI-50),Monroe,MI,48162
6180 US-223,Ottawa Lake,MI,49267
2426 Wadhams Road,Smiths Creek,MI,48074
Main Street  (MN-101),Rogers,MN,55374
1303 Route 45,Cloquet,MN,55720
Roosevelt Road  (Route 75),Saint Cloud,MN,56301
48 Hillside Terrace,Moose Lake,MN,55767
I-35,Albert Lea,MN,56007
"US-169, MN-60",Mankato,MN,56001
8099 Bagley Avenue  (Route 46),Northfield,MN,55057
11482 Courthouse Boulevard,Inver Grove Heights,MN,55077
2716 East Main Street  (Route 46),Albert Lea,MN,56007
2921 34th Avenue West,Alexandria,MN,56308
20075 Edison Circle,Clearwater,MN,55320
25743 Hickory Street,Bevier,MO,63532
4504 Easton Road,Saint Joseph,MO,64503
"I-70, US-40",Foristell,MO,63348
764 East Carrie Avenue,Saint Louis,MO,63147
303 Southwest 1st Street  (Old US-40),Oak Grove,MO,64075
Southeast 1st Street  (Old US-40),Oak Grove,MO,64075
South Commercial Street,Harrisonville,MO,64701
5826 East 32nd Street  (MO-FF),Joplin,MO,64804
I-44,Strafford,MO,65757
MO-80,Matthews,MO,63867
700 MO-J,Peculiar,MO,64078
863 North Loop Drive,Sullivan,MO,63080
South Service Road West  (Old US-40),Warrenton,MO,63383
Fore Drive,Wayland,MO,63472
313 East Evergreen Street,Strafford,MO,65757
Molly's Street,Pacific,MO,63069
732 West Mt Vernon Boulevard  (Business I-44),Mount Vernon,MO,65712
4342 MO-43,Joplin,MO,64804
Johnson Drive,Nevada,MO,64772
"I-70, US-40",Concordia,MO,64020
MO-80,Matthews,MO,63867
Gold Road,Kingdom City,MO,65262
Broadview Place,Springfield,MO,65802
MO-19,New London,MO,63459
2490 Rochester Street,Kansas City,MO,64120
State Highway EE,Portageville,MO,63873
8801 Northeast Birmingham Road,Kansas City,MO,64161
Cedar Drive,Joplin,MO,64804
MO-370,Bridgeton,MO,63044
138 Larcel Drive,Sikeston,MO,63801
MO-80,Matthews,MO,63867
509 Shanks Avenue,Kearney,MO,64060
"US-60, US-62, MO-77",Charleston,MO,63834
"I-44, MO-43",Joplin,MO,64804
"West Ashley Road  (US-40, MO-5)",Boonville,MO,65233
MO-84,Hayti,MO,63851
6454 MO-13,Higginsville,MO,64037
9868 MO-13,Collins,MO,64738
Hy Point Industrial Drive  (MO-V),Rolla,MO,65401
"MO-86, Business I-49, Business MO-71",Neosho,MO,64850
Enterprise Road,Bloomsdale,MO,63627
"15689 West Ashley Road  (US-40, MO-5)",Boonville,MO,65233
18098 East State Highway N,Eagleville,MO,64442
Russell Mt Gilead Road,Meridian,MS,39301
1115 US-82,Indianola,MS,38751
539 Tuscaloosa Road  (MS-50),Columbus,MS,39702
9240 County Farm Road,Gulfport,MS,39503
6038 Lake Norris Road,Lake,MS,39092
Canal Road,Gulfport,MS,39503
11064 Business Center Drive,Olive Branch,MS,38654
1250 US-80,Pearl,MS,39208
Southwest Frontage Road,Winona,MS,38967
Zachary Taylor Parkway  (MS-26),Poplarville,MS,39470
Goodwater Road Northwest,Magee,MS,39111
4835 Amaco Road,Moss Point,MS,39563
Lagoon Road,West Point,MS,39773
909 Cedar Lake Road,Biloxi,MS,39532
US-49,Pearl,MS,39208
Norfleet Drive  (MS-4),Senatobia,MS,38668
717 MS-35,Batesville,MS,38606
1122 Airport Fernwood Road,McComb,MS,39648
113 Will Garrett Road,Toomsuba,MS,39364
1664 Tommy Webb Drive,Meridian,MS,39307
500 Hugh N Clayton Drive  (MS-15),New Albany,MS,38652
1232 I-20 Frontage North,Jackson,MS,39201
I-55,Canton,MS,39046
2546 South Gallatin Street,Jackson,MS,39204
McCullough Boulevard  (MS-178),Tupelo,MS,38804
561 Business Hub Drive,Belgrade,MT,59714
12241 MT-16,Sidney,MT,59270
71 MT-16,Glendive,MT,59330
8018 West Broadway Street,Missoula,MT,59808
2419 North Frontage Road,Billings,MT,59101
"I-90, US-12",Missoula,MT,59802
273 13th Street West,Hardin,MT,59034
8th Avenue,Columbus,MT,59019
1262 South Haynes Avenue  (MT-59),Miles City,MT,59301
Nissler Road,Butte,MT,59701
Wilson Avenue,Shelby,MT,59474
5 Farm Road,Three Forks,MT,59752
415 Diamond Road  (MT-257),Superior,MT,59872
"US-12, US-93",Lolo,MT,59847
Amsterdam Road  (Route 347),Belgrade,MT,59714
2775 Old Hardin Road,Billings,MT,59101
Browns Gulch Road  (MT-276),Butte,MT,59701
38th Avenue Southwest,Great Falls,MT,59404
11410 South Frontage Road,Laurel,MT,59044
MT-47,Hardin,MT,59034
3928 Byrne Trail,Great Falls,MT,59404
"8839 US-93, MT-200",Missoula,MT,59808
6122 US-2,Columbia Falls,MT,59912
150 Old Mocksville Road  (NC-2206),Statesville,NC,28625
729 Holiday Loop Road  (Route 2594),Reidsville,NC,27320
1331 Westpoint Drive  (Route 1626),Charlotte,NC,28214
I-95,Kenly,NC,27542
"I-40, US-74",Candler,NC,28715
145 Plaza Lane,Mount Airy,NC,27030
4878 Independence Boulevard  (US-74),Monroe,NC,28110
"1006 Charlotte Highway  (US-21, NC-115)",Troutman,NC,28166
I-40,Marion,NC,28752
873 Long Branch Road  (NC-1002),Dunn,NC,28334
1043 Jimmy Kerr Road  (NC-1928),Haw River,NC,27258
350 Cummins Drive,Kenly,NC,27542
1678 US-601,Mocksville,NC,27028
Lane Parkway  (Route 2760),Salisbury,NC,28146
"I-40, I-85",Burlington,NC,27215
9 Sadler Road,Dunn,NC,28334
3910 Beasley Lane  (Route 2178),Charlotte,NC,28206
1313 Rock Barn Road Northeast,Conover,NC,28613
907 Knox Road,Mc Leansville,NC,27301
950 Jimmy Kerr Road  (NC-1928),Haw River,NC,27258
3367 Sugar Hill Road  (NC-1000),Marion,NC,28752
176 Furniture Drive  (Route 2758),Salisbury,NC,28147
96 Truck Stop Road  (NC-2399),Kenly,NC,27542
West College Street  (NC-24 Business),Warsaw,NC,28398
"I-73, I-74, US-220",Candor,NC,27229
3170 NC-10,Newton,NC,28658
"I-40, I-85",Mebane,NC,27302
I-95,Benson,NC,27504
Crabtree Road  (NC-209),Waynesville,NC,28785
Buckhorn Road  (NC-1114),Mebane,NC,27302
2825 Lane Street,Kannapolis,NC,28083
1342 Trollingwood Hawfields Road  (NC-1981),Mebane,NC,27302
2030 NC-48,Pleasant Hill,NC,27866
1917 45th Street South,Fargo,ND,58103
ND-68,Alexander,ND,58831
I-94 Business,Mandan,ND,58554
1st Avenue Northwest  (ND-16),Beach,ND,58621
3951 32nd Avenue South,Fargo,ND,58104
4759 32nd Avenue South,Grand Forks,ND,58201
3930 32nd Avenue South,Fargo,ND,58104
Access Road,Minot,ND,58701
64th Street Northwest,Williston,ND,58801
57th Street Northwest  (US-85 Business),Williston,ND,58801
822 8th Street,Aurora,NE,68818
Route 15,Wood River,NE,68883
I-80,Lincoln,NE,68528
I-80,Ogallala,NE,69153
26120 East Meigs Street,Valley,NE,68064
5085 Buffalo Creek Road,Elm Creek,NE,68836
3396 West Camp Augustine Road,Grand Island,NE,68803
11775 South Nebraska Hwy 11,Wood River,NE,68883
Circle Road,Big Springs,NE,69122
Lincoln Avenue West,York,NE,68467
15136 South 216th Street  (NE-31),Gretna,NE,68028
Newberry Road,North Platte,NE,69101
225 North 30th Road  (NE-50),Syracuse,NE,68446
Monroe Avenue,Norfolk,NE,68701
Road 115,Sidney,NE,69162
3211 Newberry Road,North Platte,NE,69101
1628 Greenland Road  (NH-33),Portsmouth,NH,03801
744 NH-3 A,BOW,NH,03304
NJ-173,Bloomsbury,NJ,08804
I-80,Columbia,NJ,07832
"I-295, US-130",Paulsboro,NJ,08066
Rising Sun Road,Bordentown,NJ,08505
979 NJ-173,Bloomsbury,NJ,08804
2 Charlestown Road  (Route 635),Hampton,NJ,08827
606 South Pennsville Auburn Road,Penns Grove,NJ,08069
308 Hawks Bridge Road  (NJ-140),Penns Grove,NJ,08069
1470 US-46,Netcong,NJ,07857
1060 US-206,Bordentown,NJ,08505
392 Doremus Avenue,Newark,NJ,07105
17 NJ-23,Montague,NJ,07827
228 NJ-17,Mahwah,NJ,07430
1 Giant Crossing,Continental Divide,NM,87312
Pan American Freeway Northeast  (I-25 Service North),Albuquerque,NM,87107
1808 Abrahames Road West  (I-40 Service West),Moriarty,NM,87035
2439 North Grand Avenue  (I-25 Business),Las Vegas,NM,87701
522 East Kansas Avenue  (NM-128),Jal,NM,88252
I-40,Gallup,NM,87301
Horizon Boulevard  (NM-605),Milan,NM,87021
2681 West Amador Avenue  (NM-342),Las Cruces,NM,88005
West Historic 66  (NM-118),Gallup,NM,87301
"Andrews Highway  (NM-176, NM-234)",Eunice,NM,88231
Central Avenue Northwest,Albuquerque,NM,87121
"I-10, US-70, US-180",Las Cruces,NM,88007
1431 Pinon Drive,Milan,NM,87021
204 North Motel Boulevard  (NM-292),Las Cruces,NM,88007
1509 North 15th Street,Eunice,NM,88231
NM-156,Santa Rosa,NM,88435
13 Carl Cannon Ranch Road  (A Route 110),Moriarty,NM,87035
Coronado Freeway  (I-40),Albuquerque,NM,87104
14150 NM-418,Deming,NM,88030
10139 Avalon Road Northwest,Albuquerque,NM,87121
23 Sunset Avenue,Lordsburg,NM,88045
2021 South Mountain Road,Tucumcari,NM,88401
South Goings Lane,Hobbs,NM,88240
East Main Street  (US-82),Artesia,NM,88210
Camino del Llano,Belen,NM,87002
3170 South Canal Street  (US-285),Carlsbad,NM,88220
"I-40, US-54",Tucumcari,NM,88401
I-10,Lordsburg,NM,88045
"1128 East Motel Drive  (US-70, I-10 Business)",Lordsburg,NM,88045
"4210 Mabry Drive  (US-60, US-70, US-84)",Clovis,NM,88101
I-40,Santa Rosa,NM,88435
"4654 Mabry Drive  (US-60, US-70, US-84)",Clovis,NM,88101
799 South Front Street,Clayton,NM,88415
"3738 Will Rogers Drive  (US-54, US-84, I-40 Business)",Santa Rosa,NM,88435
Dean Martin Drive,Las Vegas,NV,89139
"I-80, US-95",Winnemucca,NV,89445
"825 East Main Street  (US-50 Alternate, US-95 Alternate)",Fernley,NV,89408
908 Prospect Avenue,Sparks,NV,89431
77 Front Street  (NV-304),Battle Mountain,NV,89820
Lower Flat Top Drive,Mesquite,NV,89027
130 US-93,Wells,NV,89835
I-80,Fernley,NV,89408
465 West Main Street  (NV-427),Fernley,NV,89408
4501 Mitchell Street,North Las Vegas,NV,89030
791 Fir Street,Carlin,NV,89822
156 US-93,Wells,NV,89835
1298 West Wendover Boulevard,West Wendover,NV,89883
"Great Basin Boulevard  (US-6, US-50, US-93)",Ely,NV,89301
8458 Speedway Boulevard,Las Vegas,NV,89115
1975 East Greg Street,Sparks,NV,89431
1620 West Winnemucca Boulevard  (US-95),Winnemucca,NV,89445
West Primm Boulevard,Sloan,NV,89054
US-93,Henderson,NV,89011
West Winnemucca Boulevard,Winnemucca,NV,89445
157 US-93,Wells,NV,89835
New York State Thruway  (I-90),Corfu,NY,14036
Access Road,Kirkwood,NY,13795
New York State Thruway  (I-90),Fultonville,NY,12072
2 Skyers Lane,Newburgh,NY,12550
Genesee Expressway  (I-390),Dansville,NY,14437
Homestead Avenue  (NY-208),Montgomery,NY,12549
8484 Alleghany Road  (NY-77),Corfu,NY,14036
147 Colesville Road  (Route 52),Binghamton,NY,13904
54 Terminal Road,Liverpool,NY,13088
1238 Ridge Road  (NY-414),Waterloo,NY,13165
1128 Duanesburg Road  (NY-7),Schenectady,NY,12306
7759 Main Street  (NY-53),Bath,NY,14810
NY-22,Canaan,NY,12029
995 US-9,Castleton on Hudson,NY,12033
6140 US-127,Eaton,OH,45320
Lancaster Road Southwest  (OH-37),Hebron,OH,43025
1435 Cincinnati Street,Dayton,OH,45417
Old US-35,Jeffersonville,OH,43128
1110 North London Delaware Road  (US-42),London,OH,43140
I-71,Lebanon,OH,45036
1118 East Main Street,Chillicothe,OH,45601
3840 Greentree Southwest,Canton,OH,44706
275 Northwoods Boulevard,Vandalia,OH,45377
9196 Center Road  (OH-45),Austinburg,OH,44010
414 East Main Street  (OH-696),Beaverdam,OH,45808
"7735 US-36, OH-37",Sunbury,OH,43074
Flying J Drive,Hubbard,OH,44425
OH-41,Washington Court House,OH,43160
10509 Baltimore Road Southwest  (OH-158),Millersport,OH,43046
26418 Warns Drive,Perrysburg,OH,43551
"I-76, US-224",Seville,OH,44273
I-77,North Canton,OH,44720
71 Pittsburgh Road,Circleville,OH,43113
174 Comfort Drive,Upper Sandusky,OH,43351
1009 OH-97,Mansfield,OH,44904
"2316 North Main Street Southeast  (US-62, OH-7)",Hubbard,OH,44425
1887 Ridge Road,Springfield,OH,45502
Fair Road  (Route 8),Sidney,OH,45365
26440 Baker Drive,Perrysburg,OH,43551
10466 Lancaster Road Southwest  (OH-37),Hebron,OH,43025
Hazelwood Drive,Eaton,OH,45320
12906 Deshler Road  (OH-18),North Baltimore,OH,45872
Industrial Drive,Napoleon,OH,43545
9798 National Road  (US-40),New Paris,OH,45347
1301 North Warpole Street  (OH-199),Upper Sandusky,OH,43351
Salt Springs Youngstown Road  (Route 64),Girard,OH,44420
2 Ohio MacHinery Boulevard,Girard,OH,44420
10341 Avon Lake Road  (OH-83),Burbank,OH,44214
2 Love's Drive,Conneaut,OH,44030
3683 Bahnsen Road,Millbury,OH,43447
13166 Deshler Road  (OH-18),North Baltimore,OH,45872
11471 OH-613,Van Buren,OH,45889
"Ohio Turnpike  (I-80, I-90)",Perrysburg,OH,43551
477 South 3rd Street,Steubenville,OH,43952
I-80,Youngstown,OH,44515
I-90,Kingsville,OH,44048
1037 North Wilson Road,Columbus,OH,43204
10020 Avon Lake Road  (OH-83),Burbank,OH,44214
16941 McConnelsville Road  (OH-78),Caldwell,OH,43724
Sidley Court,Austinburg,OH,44010
5707 Cerni Place,Youngstown,OH,44515
Colorado Avenue  (OH-611),Avon,OH,44011
2989 Southgate Road  (OH-209),Cambridge,OH,43725
94 Pittsburgh Road,Circleville,OH,43113
6836 Franklin Lebanon Road  (OH-123),Franklin,OH,45005
10920 Market Street  (OH-7),North Lima,OH,44452
3448 Libbey Road  (Route 308),Perrysburg,OH,43551
8924 Lake Road  (Route 19),Seville,OH,44273
"7686 US-36, OH-37",Sunbury,OH,43074
5852 Hagman Road,Toledo,OH,43612
5772 US-68,Wilmington,OH,45177
I-70,Zanesville,OH,43701
Parking Lot,Richfield,OH,44286
1365 North London Delaware Road  (US-42),London,OH,43140
466 OH-61,Marengo,OH,43334
7545 East Lincoln Highway  (OH-696),Beaverdam,OH,45808
1960 Rodney Pike  (OH-850),Bidwell,OH,45614
13023 Old US-35,Jeffersonville,OH,43128
1770 East Bellefontaine Street,Wapakoneta,OH,45895
66365 Belmont Morristown Road  (OH-149),Belmont,OH,43718
5899 South Radio Road,El Reno,OK,73036
"I-40, US-270",Oklahoma City,OK,73128
601 South Morgan Road,Oklahoma City,OK,73128
5270 Northeast 122nd Street,Edmond,OK,73013
I-40,Sayre,OK,73662
3096 North 32nd Street  (US-69),Muskogee,OK,74401
I-40,Elk City,OK,73644
16501 E0250 Road,Tonkawa,OK,74653
"South Mississippi Avenue  (US-69, US-75)",Atoka,OK,74525
"I-35 Service North, US-77 Service North",Oklahoma City,OK,73149
"504 West Cherokee Street  (OK-19, OK-76)",Lindsay,OK,73052
US-60,Tonkawa,OK,74653
6901 South Choctaw Road,Choctaw,OK,73020
2450 Cooper Drive,Ardmore,OK,73401
N4200 Road,Checotah,OK,74426
"2400 South Street 4th  (US-283, I-40 Business)",Sayre,OK,73662
717 South Morgan Road,Oklahoma City,OK,73128
4801 Northeast 122nd Street,Edmond,OK,73013
193 North 129th East Avenue,Tulsa,OK,74116
East Box Avenue,Okmulgee,OK,74447
20 South Martin Luther King Avenue,Oklahoma City,OK,73117
"Owen K Garriott Road  (US-64, US-412)",Enid,OK,73701
"US-377, OK-99",Seminole,OK,74868
I-40,Clinton,OK,73601
I-40,Erick,OK,73645
2600 Van Buren Street,Norman,OK,73072
OK-100,Gore,OK,74435
"Pioneer Expressway  (I-44, US-62, US-277)",Elgin,OK,73538
919 Holiday Drive,Ardmore,OK,73401
Longnecker Street,Hooker,OK,73945
"US-59, US-412",Watts,OK,74964
111 East C Street,Atoka,OK,74525
"I-40, US-270",Oklahoma City,OK,73128
I-40,Okemah,OK,74859
US-69,Chouteau,OK,74337
Lyle Rymer Highway  (US-64),Roland,OK,74954
US-69 Business,Eufaula,OK,74432
472 South Morgan Road,Oklahoma City,OK,73128
"Main Street  (US-56, US-64, US-412)",Boise City,OK,73933
7415 South Choctaw Road,Choctaw,OK,73020
47 Platter Road  (East 2140),Calera,OK,74730
US-169,Nowata,OK,74048
378 North 42nd Street,Enid,OK,73701
271 Northwest 24th Street,Newcastle,OK,73065
West Airline Road,Pauls Valley,OK,73075
"US-70, US-277, US-281",Randlett,OK,73562
"North Broadway Avenue  (US-281, OK-8)",Hinton,OK,73047
Southwest 59th Street,Union City,OK,73090
US-54,Texhoma,OK,73949
OK-33,Guthrie,OK,73044
US-70,Valliant,OK,74764
288 Grant Smith Road,Roseburg,OR,97471
3735 Fern Valley Road,Phoenix,OR,97535
551 Northwest Culpepper Drive,Troutdale,OR,97060
6541 Old Salem Road Northeast,Albany,OR,97321
Bond Lane,La Grande,OR,97850
Tower Road,Boardman,OR,97818
I-5,Aurora,OR,97002
Umatilla-Stanfield Highway  (US-395),Stanfield,OR,97875
Truckman Way Northeast,Salem,OR,97303
105 South Peninger Road,Central Point,OR,97502
760 John Long Road,Oakland,OR,97462
730 Northeast 2nd Avenue,Ontario,OR,97914
91484 Biggs Rufus Highway,Wasco,OR,97065
551 Northwest Culpepper Drive,Troutdale,OR,97060
Pacific Highway  (I-5),Eugene,OR,97408
Northwest Washington Avenue  (US-30 Business),Ontario,OR,97914
12334 Ehlen Road Northeast,Aurora,OR,97002
3875 The Dalles-California Highway  (US-97),Klamath Falls,OR,97601
399 Damon Street,Chemult,OR,97731
Emlenton Clintonville Road  (PA-208),Emlenton,PA,16373
I-80,Harrisville,PA,16038
I-80,Bloomsburg,PA,17815
1017 New Castle Road  (PA-108),Slippery Rock,PA,16057
2757 East Mattie Road  (PA-2029),Breezewood,PA,15533
1201 Harrisburg Pike  (US-11),Carlisle,PA,17013
Suedberg Road  (PA-443),Pine Grove,PA,17963
I-81,Harrisburg,PA,17112
"I-80, US-220",Mill Hall,PA,17751
Suedberg Road  (PA-443),Pine Grove,PA,17963
"I-80, US-220 Alternate",Milesburg,PA,16853
Grove Street,Pittston,PA,18641
331 West Third Street  (PA-339),Mifflinville,PA,18631
I-80,Brookville,PA,15825
Flying J Drive,Carlisle,PA,17015
Nittany Valley Drive  (PA-64),Mill Hall,PA,17751
Harford Road  (PA-848),New Milford,PA,18834
7938 Jonestown Road,Harrisburg,PA,17112
Flying J Drive,Carlisle,PA,17015
Motel Drive,Hamburg,PA,19526
Fitz Henry Road  (PA-3031),Smithton,PA,15479
Linglestown Road  (PA-39),Harrisburg,PA,17112
139 Post House Road  (Route T503),Breezewood,PA,15533
Old Forge Road,Jonestown,PA,17038
"US-22, US-322",Duncannon,PA,17020
2210 Camp Swatara Road  (PA-645),Myerstown,PA,17067
2057 Vine Street,Middletown,PA,17057
I-80,Brookville,PA,15825
I-81,Greencastle,PA,17225
1460 Ridge Road,Milton,PA,17847
1161 Harrisburg Pike  (US-11),Carlisle,PA,17013
49 Old Berwick Road,Drums,PA,18222
I-90,Erie,PA,16509
187 Wilson Road,Bentleyville,PA,15314
4106 Depot Road  (PA-531),Erie,PA,16510
1742 Rich Highway  (US-219),Du Bois,PA,15801
Hillside Avenue,Pittston,PA,18640
5855 Nittany Valley Drive  (PA-64),Mill Hall,PA,17751
3582 New Castle Road  (US-422),Portersville,PA,16051
Victory Highway  (RI-102),West Greenwich,RI,02817
I-85,Duncan,SC,29334
Yemassee Highway  (SC-68),Yemassee,SC,29945
I-95,Manning,SC,29102
North Rhett Avenue,Charleston,SC,29406
West Freight Road,Florence,SC,29501
358 Longs Pond Road,Lexington,SC,29073
I-85,Blacksburg,SC,29702
8902 Cherokee Foothills Scenic Highway  (SC-11),Campobello,SC,29322
2150 South Beltline Boulevard,Columbia,SC,29201
North Mountain Street  (SC-198),Blacksburg,SC,29702
1403 Buckner Road,Columbia,SC,29203
Mill Branch Road,Latta,SC,29565
893 Caterpillar Drive,Rock Hill,SC,29730
1405 East Main Street  (SC-290),Duncan,SC,29334
506 Bettis Academy Road  (Route 144),Graniteville,SC,29829
15976 Whyte Hardee Boulevard  (US-17),Hardeeville,SC,29927
2218 Babar Lane,Florence,SC,29501
516 US-601,Lugoff,SC,29078
"3008 Charleston Highway  (US-21, US-176, US-321)",West Columbia,SC,29172
Market Place,Prosperity,SC,29127
SC-200,Blackstock,SC,29014
105 Doyle Street,Saint George,SC,29477
120 Misty Glen Road,Saint George,SC,29477
645 Hackett Drive,Rock Hill,SC,29730
Burke Road,Saint Matthews,SC,29135
1340 Sumter Highway  (US-15),Bishopville,SC,29010
1584 SC-38,Latta,SC,29565
Cherry Road  (US-21),Fort Mill,SC,29715
2319 West Lucas Street  (US-52),Florence,SC,29501
2064 Homestead Road,Bowman,SC,29018
Commerce Avenue,Clinton,SC,29325
Alex Lee Boulevard,Florence,SC,29506
Elrod Road,Piedmont,SC,29673
1521 North Main Street  (US-17 Alternate),Summerville,SC,29486
4240 Old Dobbins Bridge Road,Fair Play,SC,29643
116 Priester Road,Blacksburg,SC,29702
5983 SC-219,Newberry,SC,29108
921 Hyatt Street  (SC-105),Gaffney,SC,29341
3103 Five Chop Road  (US-301),Orangeburg,SC,29115
111 Plumbers Road,Columbia,SC,29203
Bluff Road  (SC-48),Columbia,SC,29201
805 Jedburg Road,Summerville,SC,29483
1877 SC-34,Dillon,SC,29536
1971 North Elk Vale Road,Rapid City,SD,57701
Fire House Road,Hermosa,SD,57744
Liberty Boulevard,Box Elder,SD,57719
2739 Deadwood Avenue  (SD-445),Rapid City,SD,57702
North Granite Lane,Sioux Falls,SD,57107
North Cliff Avenue  (SD-115),Sioux Falls,SD,57104
I- 90 Business Loop  (Loop I-90),Murdo,SD,57559
Seven D Road,Fort Stockton,TX,79735
778 South Grandview Avenue,Odessa,TX,79761
"River Street  (TX-16, TX-72)",Tilden,TX,78072
US-277,Eagle Pass,TX,78852
2307 Avenue F Northwest  (US-287),Childress,TX,79201
I-35,Pearsall,TX,78061
"North Main Street  (US-377, Loop TX-481)",Junction,TX,76849
2807 Lamesa Highway  (North US-87),Big Spring,TX,79720
I-20 Service East,Cisco,TX,76437
Isleib Road,Beasley,TX,77417
I-20 Service West,Baird,TX,79504
US-83,Carrizo Springs,TX,78834
206 Irving Drive,Lufkin,TX,75901
West Commerce Street  (US-79),Buffalo,TX,75831
10800 US-183,Buda,TX,78610
TX-158,Midland,TX,79706
John Davis Road,Italy,TX,76651
4960 US-59,Wharton,TX,77488
15784 Market Street,Houston,TX,77015
I-40 Service East,Vega,TX,79092
709 US-77,Schulenburg,TX,78956
301 US-77,Hillsboro,TX,76645
5377 I-20 Service East,Midland,TX,79706
940 North Dumas Avenue  (US-287),Dumas,TX,79029
Pasadena Freeway  (TX-225 Service West),Pasadena,TX,77506
1415 US-287,Quanah,TX,79252
I-20 Service West,Van,TX,75790
"South Poplar Street  (US-287, TX-15)",Stratford,TX,79084
FM Route 523,Angleton,TX,77515
22406 US-59 Frontage North,Queen City,TX,75572
931 West 1st Street  (US-60),Hereford,TX,79045
13866 FM Route 1945,Sinton,TX,78387
2913 US-271,Paris,TX,75460
Smith Road,Beaumont,TX,77713
4073 North Elm Street  (US-77),Denton,TX,76207
"US-81 Service North, US-287 Service North",Rhome,TX,76078
West Trinity Boulevard,Grand Prairie,TX,75050
US-380,Bridgeport,TX,76426
1678 South Central Avenue  (I-35 Service South),Troy,TX,76579
8702 Telephone Road  (TX-35),Houston,TX,77061
209 Main Street,Ennis,TX,75119
1497 US-281,Falfurrias,TX,78355
406 Barthold Road,Denton,TX,76207
3750 US-285,Balmorhea,TX,79718
Standard Avenue,Kermit,TX,79745
2426 California Avenue  (TX-17),Pecos,TX,79772
3752 FM Route 2021,Lufkin,TX,75901
Cottonwood Drive,Hempstead,TX,77445
"I-2 Service East, South Service US-83",Donna,TX,78537
Meteor Crater Road,Odessa,TX,79763
Bernardo Road  (FM Route 2761),Cat Spring,TX,78933
1399 Hillcrest Drive South  (TX-19),Sulphur Springs,TX,75482
Loop TX-467,Sonora,TX,76950
Loop Road  (Loop TX-464),Monahans,TX,79756
604 Jim Sharp Boulevard  (TX-302),Kermit,TX,79745
"TX-191, TX-158 Business",Midland,TX,79706
1775 South Stockton Avenue  (TX-18),Monahans,TX,79756
6915 FM Route 511,Brownsville,TX,78526
1058 Deep Springs Road,Dandridge,TN,37725
272 Hebron Drive,Stanton,TN,38069
I-24,Antioch,TN,37013
Peytonsville Road,Franklin,TN,37064
5427 North National Drive,Knoxville,TN,37914
425 Van Hill Road,Greeneville,TN,37745
Strawberry Plains Pike,Knoxville,TN,37914
352 Lovell Road  (TN-131),Knoxville,TN,37934
1208 Bunker Hill Road,Cookeville,TN,38506
140 Providence Road  (TN-138),Denmark,TN,38391
5973 Miller Lane,Christiana,TN,37037
1408 TN-96,Fairview,TN,37062
I-40,Silver Point,TN,38582
Everett Road,Knoxville,TN,37932
North Watt Road,Knoxville,TN,37932
104 North 2nd Street,Nashville,TN,37213
Lovell Road  (TN-131),Knoxville,TN,37934
"3421 Lamar Avenue  (US-78, TN-4)",Memphis,TN,38118
I-40,Lenoir City,TN,37771
"I-75, TN-63",Pioneer,TN,37847
175 May Boulevard,Mc Donald,TN,37353
"I-155, US-412",Dyersburg,TN,38024
927 TN-76,White House,TN,37188
357 Howard Baker Highway  (TN-63),Pioneer,TN,37847
456 Trussell Road,Monteagle,TN,37356
Bradford Boulevard,Gordonsville,TN,38563
Union Grove Road,Niota,TN,37826
13491 Hines Valley Road,Knoxville,TN,37932
2971 TN-48,Dickson,TN,37055
3661 Roy Messer Highway  (TN-341),White Pine,TN,37890
177 Luyben Hills Road,Kingston Springs,TN,37082
"292 West Trinity Lane  (US-431, TN-65)",Nashville,TN,37207
"5025 Lamar Avenue  (US-78, TN-4)",Memphis,TN,38118
"Highway 70 East  (US-70, TN-1)",Jackson,TN,38305
2360 Lawnville Road,Kingston,TN,37763
5215 South Middlebrook Pike,Knoxville,TN,37921
Baileyton Road  (TN-172),Greeneville,TN,37745
427 TN-13,Hurricane Mills,TN,37078
149 Industrial Boulevard,La Vergne,TN,37086
I-40,Dandridge,TN,37725
32 Sand Pebble Drive,Jackson,TN,38305
East Raccoon Valley Drive  (TN-170),Heiskell,TN,37754
4810 Pleasant Run Road,Memphis,TN,38118
"8821 Lewisburg Highway  (US-31 A, TN-11)",Cornersville,TN,37047
159 Livestock Road,Dickson,TN,37055
Alligood Way,Lebanon,TN,37090
I-81,White Pine,TN,37890
170 Antique Village Drive,Crossville,TN,38571
Centennial Boulevard,Nashville,TN,37209
"US-45, TN-5",Ramer,TN,38367
200 Lower River Road Northwest  (TN-308),Charleston,TN,37310
2440 South Church Street  (US-231),Murfreesboro,TN,37128
298 TVA Road,Jasper,TN,37347
1627 Bear Creek Pike  (TN-99),Columbia,TN,38401
4020 North McCarty Street  (US-90 Business),Houston,TX,77013
Pederson Road,Katy,TX,77494
I-30 Service East,Rockwall,TX,75032
388 Owen Street,Lubbock,TX,79403
"I-40, US-287",Amarillo,TX,79104
North Loop TX-338,Odessa,TX,79761
1644 East Kuhn Street,Edinburg,TX,78542
I-35 Service South,Natalia,TX,78059
14578 I-35 Service South,Atascosa,TX,78002
Leary Road  (FM Route 2253),Texarkana,TX,75501
547 East Vinton Road  (Spur TX-37),Anthony,TX,79821
South Lakeside Drive  (TX-335 Loop),Amarillo,TX,79118
1398 Horizon Boulevard  (FM Route 1281),El Paso,TX,79927
5102 South Cedar Street  (US-285),Pecos,TX,79772
Kermit Highway  (TX-115),Andrews,TX,79714
Frontage Road  (I-20 Service East),Odessa,TX,79766
817 North Wells Street  (TX-111),Edna,TX,77957
"I-20, US-84",Sweetwater,TX,79556
"9424 I-20 Service West, West US-84 Service",Sweetwater,TX,79556
South R L Thornton Service Road North  (I-35 E Service North),Lancaster,TX,75134
I-45,Fairfield,TX,75840
Beltway Parkway,Laredo,TX,78045
I-20 Service West,Canton,TX,75103
FM Route 1903,Caddo Mills,TX,75135
1393 Hillcrest Drive South  (TX-19),Sulphur Springs,TX,75482
Pasadena Freeway  (TX-225),Deer Park,TX,77536
1100 US-180,Snyder,TX,79549
"I-10, US-90",San Antonio,TX,78244
2901 TX-86,Tulia,TX,79088
"I-69 C, US-281",Edinburg,TX,78541
1903 Santa Fe Drive  (FM Route 2552),Weatherford,TX,76086
Fischer Road,Von Ormy,TX,78073
I-30 Service West,Rockwall,TX,75087
19999 Stokes Road,Waller,TX,77484
2585 North Front Street  (TX-18),Fort Stockton,TX,79735
Eagle Ford Way,San Antonio,TX,78264
Horizon Boulevard  (FM Route 1281),El Paso,TX,79928
4679 Walden Road,Beaumont,TX,77705
I-37 Service North,George West,TX,78022
I-20,Big Spring,TX,79720
1632 I-35 Service North,Sanger,TX,76266
900 South Eagle Street  (FM Route 155),Weimar,TX,78962
Airport Boulevard  (TX-468 Spur),Amarillo,TX,79118
Southeast Mustang Drive  (Loop Route 1910),Andrews,TX,79714
8 Country Ridge Road,Melissa,TX,75454
North Grande Avenue,Cotulla,TX,78014
4504 Riverside Road,Dallas,TX,75241
I-40,Amarillo,TX,79124
I-40,Panhandle,TX,79068
2148 South Fairgrounds Road,Midland,TX,79706
1185 South Lakeside Drive  (TX-335 Loop),Amarillo,TX,79118
"1507 Corsicana Highway  (TX-22, TX-171)",Hillsboro,TX,76645
US-67 Service South,Midlothian,TX,76065
3836 West 42nd Street,Odessa,TX,79764
I-35 Service South,Cotulla,TX,78014
6883 I-40 Service West,Amarillo,TX,79104
"2451 TX-62, TX-73",Orange,TX,77630
I 35 N Service Road,Waco,TX,76706
Motor City Boulevard,Dallas,TX,75241
2508 Alliance Gateway Freeway  (TX-170),Fort Worth,TX,76177
1900 Antonio Street  (FM Route 1905),Anthony,TX,79821
247 Nichols Canyon Road,Cedar City,UT,84721
1164 South 1700 West,Ogden,UT,84404
East I 80 Eb Fwy  (I-80),Tooele,UT,84074
1609 West Forest Street  (Route 1082),Brigham City,UT,84302
Water Tank Road,Salina,UT,84654
1685 Saddleback Boulevard,Tooele,UT,84074
West 1400 North,Beaver,UT,84713
Scipio Rest Area,Fillmore,UT,84631
600 West,Willard,UT,84340
I-15,Parowan,UT,84761
933 West North Pointe Circle,North Salt Lake,UT,84054
East Flying J Drive,Richfield,UT,84701
South Stone Road  (Route 1064),Snowville,UT,84336
2789 60 East Street,Saint George,UT,84790
130 West 400 South  (UT-77),Springville,UT,84663
"1069 East Main Street  (UT-19, I-70 Business)",Green River,UT,84525
"Main Street  (UT-28, UT-41)",Nephi,UT,84648
2045 South 1100 West,Ogden,UT,84401
1991 South 900 West,Salt Lake City,UT,84104
Springville Rest Area,Springville,UT,84663
16 North Redwood Road  (UT-68),Salt Lake City,UT,84116
I-77,Wytheville,VA,24382
6164 North Scenic Highway  (US-52),Bastian,VA,24314
9212 Winterberry Avenue  (F VA-F205),Covington,VA,24426
1115 Mount Olive Road  (VA-651),Toms Brook,VA,22660
10138 Lewistown Road  (VA-802),Ashland,VA,23005
I-95,Ashland,VA,23005
Peebles Street,La Crosse,VA,23950
487 Beal Street,Franklin,VA,23851
Villa Court,Troutville,VA,24175
East Lee Highway,Wytheville,VA,24382
713 Oakland Circle,Raphine,VA,24472
"2170 Philpott Road  (US-58, US-360)",South Boston,VA,24592
Emmaus Church Road  (VA-106),Providence Forge,VA,23140
739 Moores Ferry Road  (VA-629),Skippers,VA,23879
1014 Mount Olive Road  (VA-651),Toms Brook,VA,22660
Fountain Drive,Disputanta,VA,23842
24279 Rogers Clark Boulevard  (VA-207),Ruther Glen,VA,22546
Fort Chiswell Road  (US-52),Max Meadows,VA,24360
Zachary Ann Lane,Clear Brook,VA,22624
3249 Chapman Road,Wytheville,VA,24382
1815 North Mecklenburg Avenue  (US-1),La Crosse,VA,23950
North Lee Highway  (US-11),Lexington,VA,24450
3633 North Valley Pike  (US-11),Harrisonburg,VA,22802
Ace Drive,Suffolk,VA,23434
Rogers Clark Boulevard  (VA-207),Ruther Glen,VA,22546
Raphine Road  (VA-606),Raphine,VA,24472
2142 Ruffin Mill Road  (Route 746),Colonial Heights,VA,23834
Lee Jackson Highway  (US-11),Greenville,VA,24440
Purdy Road  (VA-619),Emporia,VA,23847
33527 Lee Highway  (US-11),Glade Spring,VA,24340
Major Grahams Road  (VA-619),Max Meadows,VA,24360
County Drive  (US-460),Disputanta,VA,23842
749 Moores Ferry Road  (VA-629),Skippers,VA,23879
13333 Glenbrook Avenue  (VA-80),Meadowview,VA,24361
218 Old Pipers Gap Road  (Route 620),Lambsburg,VA,24351
23420 Cool Water Drive  (Old VA-652),Ruther Glen,VA,22546
Jimmy Burrell Lane,Providence Forge,VA,23140
"1208 South Boston Road  (US-58, US-360)",Danville,VA,24540
46484 Southeast North Bend Way,North Bend,WA,98045
1381 East 25th Street,Tacoma,WA,98421
10298 Westbow Road,Cheney,WA,99004
2300 Canyon Road,Ellensburg,WA,98926
3791 South Geiger Boulevard,Spokane,WA,99224
East Broadway Avenue,Spokane,WA,99212
US-97,Ellensburg,WA,98926
1678 West Axton Road,Ferndale,WA,98248
2216 East Hillsboro Street,Pasco,WA,99301
Smokey Point Boulevard,Arlington,WA,98223
3857 Wine Country Road  (Route 12),Prosser,WA,99350
"I-90, US-395",Ritzville,WA,99169
I-5,Olympia,WA,98512
1280 Rush Road,Chehalis,WA,98532
6011 US-51,Deforest,WI,53532
6203 County Road B,Menomonie,WI,54751
631 US-12,Hudson,WI,54016
311 West Rolling Meadows Drive  (Route VVV),Fond du Lac,WI,54937
"I-39, I-90",Janesville,WI,53545
9678 South 20th Street,Oak Creek,WI,53154
780 WI-54,Black River Falls,WI,54615
Development Lane,Green Bay,WI,54311
Freeman Parkway,Beloit,WI,53511
13712 Northwestern Avenue  (Route K),Franksville,WI,53126
820 West Frontage Road  (Frontage I-41),Sturtevant,WI,53177
1737 Elderberry Road,Colby,WI,54421
I-43,Sheboygan,WI,53081
"9477 Route J, Route CS",Poynette,WI,53955
144 Commercial Street,Mauston,WI,53948
2201 West Ryan Road  (WI-100),Oak Creek,WI,53154
1179 70th Avenue,Roberts,WI,54023
4649 Rib Mountain Drive  (Route N),Wausau,WI,54401
Kinney Road,Portage,WI,53901
147 Maloney Road,Kaukauna,WI,54130
227 South Oakwood Street  (Route N),Tomah,WI,54660
534 Green Bay Street  (Route BE),Bonduel,WI,54107
WV-34,Hurricane,WV,25526
4304 1st Avenue  (WV-25),Nitro,WV,25143
Laurel Path Road,Sutton,WV,26601
I-70,Valley Grove,WV,26060
"Old US-21, Route 21",Ripley,WV,25271
2310 Smithtown Road  (Route 73),Morgantown,WV,26508
915 West Curtis Street  (I-80 Business),Laramie,WY,82072
Carlton Road,Wamsutter,WY,82336
South Higley Boulevard,Rawlins,WY,82301
Missile Road  (Route 140),Cheyenne,WY,82009
I-80,Fort Bridger,WY,82933
Southeast Wyoming Boulevard  (WY-258),Casper,WY,82609
2300 Etchepare Drive,Cheyenne,WY,82007
"10501 US-30, WY-89",Cokeville,WY,83114
"1920 Harrison Drive  (US-189 Business, I-80 Business)",Evanston,WY,82930
643 East Boxelder Road,Gillette,WY,82718
1 Flying J Way,Rawlins,WY,82301
650 Stagecoach Drive,Rock Springs,WY,82901
858 West Curtis Street  (I-80 Business),Laramie,WY,82072
1800 West Curtis Street  (Route 522),Laramie,WY,82070
"651 Bear River Drive  (US-189 Business, I-80 Business)",Evanston,WY,82930
"I-25, US-87",Cheyenne,WY,82007
8104 Hutchins Drive,Cheyenne,WY,82007
US-67,Big Lake,TX,76932
1112 Ackerman Road,San Antonio,TX,78219
1621 East Corral Avenue  (FM Route 1898),Kingsville,TX,78363
11690 Farm to Market 725  (FM Route 725),Seguin,TX,78155
Sonterra Boulevard,Jarrell,TX,76537
"I-35 Service South, US-83 Service South",Laredo,TX,78045
3210 Commercial Circle,New Braunfels,TX,78132
Mountain Pass Boulevard,Anthony,TX,79821
7309 Bonnie View Road,Dallas,TX,75241
2796 North McCarty Street  (US-90 Business),Houston,TX,77013
16055 Interstate 45  (I-45 Service South),Houston,TX,77090
1475 East Monte Cristo Road  (FM Route 1925),Edinburg,TX,78542
Beltway Parkway,Laredo,TX,78045
Gateway Boulevard West,El Paso,TX,79928
359 Avenue F,Lubbock,TX,79401
23412 TX-242,New Caney,TX,77357
2932 TX-62,Orange,TX,77632
I-20 Service North,Pecos,TX,79772
1847 North Foster Road,San Antonio,TX,78244
West Frontage Road  (I-10 Service West),Van Horn,TX,79855
20 FM Route 707,Merkel,TX,79536
2410 South New Road,Waco,TX,76711
9th Street,Brookshire,TX,77423
2397 Old Jacksboro Highway  (Loop TX-473),Wichita Falls,TX,76302
6218 Hollywood Road  (TX-335 Loop),Amarillo,TX,79118
Thompson Road,Baytown,TX,77521
US-90,Luling,TX,78648
I-37 Service South,Three Rivers,TX,78071
4796 TX-114,Rhome,TX,76078
"US-79, TX-6",Hearne,TX,77859
2754 West White Street  (FM Route 455),Anna,TX,75409
5619 I-10 Service West,San Antonio,TX,78219
32 Shady Oak Lane,Comfort,TX,78013
I-20 Service West,Big Spring,TX,79720
US-59 Business,Ganado,TX,77962
Conrads Lane,New Braunfels,TX,78130
Wilson Road  (Route 136),Terrell,TX,75161
East Freeway  (I-10 Service East),Baytown,TX,77521
388 FM Route 2025,Cleveland,TX,77328
286 Route 310 West,Tyler,TX,75706
35 Route 2959,Milford,TX,76670
West Frontage Road,Anthony,TX,79821
2538 Old Windthorst Road,Wichita Falls,TX,76301
Loop TX-254,Ranger,TX,76470
9600 Longstreet Road West,Willis,TX,77318
1101 Uniroyal Road,Laredo,TX,78045
West County Road 127,Odessa,TX,79765
2757 East Bankhead Drive,Weatherford,TX,76087
I-30,Mount Vernon,TX,75457
222 Patton Street,Houston,TX,77009
11792 South Freeway  (I-35 W Service North),Burleson,TX,76028
5034 Goode Road,Hutchins,TX,75141
639 TX-75,Huntsville,TX,77320
227 4th Street,Memphis,TX,79245
East Frontage Road  (I-10 Service East),Van Horn,TX,79855
"South Medford Drive  (US-59 Service North, North US-69 Service, North TX-287 Service)",Lufkin,TX,75901
Old Dennis Road,Weatherford,TX,76087
I-20 Service West,Van,TX,75790
